{"cameraMode":{"drawMode":0,"name":"Shaded","section":"Shading Mode"},"sceneLighting":false,"audioPlay":false,"sceneViewState":{"showFog":true,"showMaterialUpdate":false,"showSkybox":false,"showFlares":true,"showImageEffects":true,"showParticleSystems":true},"in2DMode":false,"pivot":{"x":0.0,"y":7.450580596923828e-9,"z":-0.20963498950004579},"rotation":{"x":-0.0585557222366333,"y":0.7421754002571106,"z":-0.06540430337190628,"w":-0.6644616723060608},"size":1.2044347524642945,"orthographic":true}