{"cameraMode":{"drawMode":0,"name":"Shaded","section":"Shading Mode"},"sceneLighting":false,"audioPlay":false,"sceneViewState":{"showFog":true,"showMaterialUpdate":false,"showSkybox":false,"showFlares":true,"showImageEffects":true,"showParticleSystems":true},"in2DMode":false,"pivot":{"x":89.42575073242188,"y":30.744882583618165,"z":48.970001220703128},"rotation":{"x":-0.07173244655132294,"y":0.5740165710449219,"z":-0.05061210319399834,"w":-0.814175546169281},"size":9.550000190734864,"orthographic":true}