{"cameraMode":{"drawMode":0,"name":"Shaded","section":"Shading Mode"},"sceneLighting":false,"audioPlay":false,"sceneViewState":{"showFog":true,"showMaterialUpdate":false,"showSkybox":false,"showFlares":true,"showImageEffects":true,"showParticleSystems":true},"in2DMode":false,"pivot":{"x":59.695804595947269,"y":43.67866897583008,"z":38.9727668762207},"rotation":{"x":-0.07470524311065674,"y":0.4407205283641815,"z":-0.03686611354351044,"w":-0.893818199634552},"size":0.2029930204153061,"orthographic":true}