{"cameraMode":{"drawMode":0,"name":"Shaded","section":"Shading Mode"},"sceneLighting":false,"audioPlay":false,"sceneViewState":{"showFog":true,"showMaterialUpdate":false,"showSkybox":false,"showFlares":true,"showImageEffects":true,"showParticleSystems":true},"in2DMode":false,"pivot":{"x":0.0,"y":0.3629622459411621,"z":0.06607973575592041},"rotation":{"x":0.08388932794332504,"y":0.9127816557884216,"z":-0.23881278932094575,"w":0.3206184208393097},"size":1.425184965133667,"orthographic":true}