{"cameraMode":{"drawMode":0,"name":"Shaded","section":"Shading Mode"},"sceneLighting":false,"audioPlay":false,"sceneViewState":{"showFog":true,"showMaterialUpdate":false,"showSkybox":false,"showFlares":true,"showImageEffects":true,"showParticleSystems":true},"in2DMode":false,"pivot":{"x":-1.00390625,"y":28.07322120666504,"z":7.706175804138184},"rotation":{"x":-0.023983852937817575,"y":-0.9685183763504028,"z":0.22564835846424104,"w":-0.10294381529092789},"size":2.2729218006134035,"orthographic":true}