{"cameraMode":{"drawMode":0,"name":"Shaded","section":"Shading Mode"},"sceneLighting":true,"audioPlay":false,"sceneViewState":{"showFog":true,"showMaterialUpdate":false,"showSkybox":true,"showFlares":true,"showImageEffects":true,"showParticleSystems":true},"in2DMode":false,"pivot":{"x":5.564449787139893,"y":56.871131896972659,"z":37.5607795715332},"rotation":{"x":-0.018161464482545854,"y":-0.9258036613464356,"z":0.37506958842277529,"w":-0.04577665776014328},"size":40.286773681640628,"orthographic":true}