{"cameraMode":{"drawMode":0,"name":"Shaded","section":"Shading Mode"},"sceneLighting":false,"audioPlay":false,"sceneViewState":{"showFog":true,"showMaterialUpdate":false,"showSkybox":false,"showFlares":true,"showImageEffects":true,"showParticleSystems":true},"in2DMode":false,"pivot":{"x":78.66780090332031,"y":0.009795956313610077,"z":4.599162578582764},"rotation":{"x":-0.07201891392469406,"y":0.36294645071029665,"z":-0.02814188040792942,"w":-0.9286168813705444},"size":0.16436895728111268,"orthographic":true}