{"cameraMode":{"drawMode":0,"name":"Shaded","section":"Shading Mode"},"sceneLighting":false,"audioPlay":false,"sceneViewState":{"showFog":true,"showMaterialUpdate":false,"showSkybox":false,"showFlares":true,"showImageEffects":true,"showParticleSystems":true},"in2DMode":false,"pivot":{"x":59.695804595947269,"y":43.67866897583008,"z":38.9727668762207},"rotation":{"x":-0.06396716088056565,"y":0.2042088806629181,"z":-0.013400918804109097,"w":-0.9767867922782898},"size":0.08509940654039383,"orthographic":true}