{"cameraMode":{"drawMode":0,"name":"Shaded","section":"Shading Mode"},"sceneLighting":false,"audioPlay":false,"sceneViewState":{"showFog":true,"showMaterialUpdate":false,"showSkybox":false,"showFlares":true,"showImageEffects":true,"showParticleSystems":true},"in2DMode":false,"pivot":{"x":18.889881134033204,"y":0.059242844581604007,"z":4.599302291870117},"rotation":{"x":-0.1083093211054802,"y":0.0825035572052002,"z":-0.0090256342664361,"w":-0.9906654953956604},"size":5.117890357971191,"orthographic":true}