{"cameraMode":{"drawMode":0,"name":"Shaded","section":"Shading Mode"},"sceneLighting":false,"audioPlay":false,"sceneViewState":{"showFog":true,"showMaterialUpdate":false,"showSkybox":false,"showFlares":true,"showImageEffects":true,"showParticleSystems":true},"in2DMode":false,"pivot":{"x":-132.3785400390625,"y":-48.404701232910159,"z":6.331790924072266},"rotation":{"x":-0.17691342532634736,"y":0.08406145125627518,"z":-0.015123075805604458,"w":-0.9805443286895752},"size":244.6283416748047,"orthographic":true}