{"cameraMode":{"drawMode":0,"name":"Shaded","section":"Shading Mode"},"sceneLighting":false,"audioPlay":false,"sceneViewState":{"showFog":true,"showMaterialUpdate":false,"showSkybox":false,"showFlares":true,"showImageEffects":true,"showParticleSystems":true},"in2DMode":false,"pivot":{"x":-21.094879150390626,"y":75.95050048828125,"z":-4.651771545410156},"rotation":{"x":0.1051059141755104,"y":-0.8287767767906189,"z":0.16627541184425355,"w":0.5238749980926514},"size":195.7141876220703,"orthographic":true}