{"cameraMode":{"drawMode":0,"name":"Shaded","section":"Shading Mode"},"sceneLighting":true,"audioPlay":false,"sceneViewState":{"showFog":true,"showMaterialUpdate":false,"showSkybox":true,"showFlares":true,"showImageEffects":true,"showParticleSystems":true},"in2DMode":false,"pivot":{"x":48.71250534057617,"y":25.093231201171876,"z":47.133277893066409},"rotation":{"x":-0.13106751441955567,"y":0.28761592507362368,"z":-0.03977115452289581,"w":-0.9479209780693054},"size":15.415817260742188,"orthographic":true}