{"cameraMode":{"drawMode":0,"name":"Shaded","section":"Shading Mode"},"sceneLighting":true,"audioPlay":false,"sceneViewState":{"showFog":true,"showMaterialUpdate":false,"showSkybox":true,"showFlares":true,"showImageEffects":true,"showParticleSystems":true},"in2DMode":false,"pivot":{"x":0.999267578125,"y":13.686279296875,"z":-0.5009765625},"rotation":{"x":0.09313420206308365,"y":0.33316555619239809,"z":-0.033091574907302859,"w":0.9376738667488098},"size":1.949394702911377,"orthographic":true}