{"cameraMode":{"drawMode":0,"name":"Shaded","section":"Shading Mode"},"sceneLighting":false,"audioPlay":false,"sceneViewState":{"showFog":true,"showMaterialUpdate":false,"showSkybox":false,"showFlares":true,"showImageEffects":true,"showParticleSystems":true},"in2DMode":false,"pivot":{"x":14.84787368774414,"y":0.12143152952194214,"z":4.5992960929870609},"rotation":{"x":-0.07212115824222565,"y":0.13926343619823457,"z":-0.010171489790081978,"w":-0.9875922203063965},"size":2.1644599437713625,"orthographic":true}