{"cameraMode":{"drawMode":0,"name":"Shaded","section":"Shading Mode"},"sceneLighting":true,"audioPlay":false,"sceneViewState":{"showFog":true,"showMaterialUpdate":false,"showSkybox":true,"showFlares":true,"showImageEffects":true,"showParticleSystems":true},"in2DMode":false,"pivot":{"x":442.01513671875,"y":126.340087890625,"z":-165.99267578125},"rotation":{"x":0.04425736889243126,"y":-0.9388848543167114,"z":0.13182000815868379,"w":0.31497615575790408},"size":5.077025890350342,"orthographic":true}