{"cameraMode":{"drawMode":0,"name":"Shaded","section":"Shading Mode"},"sceneLighting":false,"audioPlay":false,"sceneViewState":{"showFog":true,"showMaterialUpdate":false,"showSkybox":false,"showFlares":true,"showImageEffects":true,"showParticleSystems":true},"in2DMode":false,"pivot":{"x":78.66780090332031,"y":0.009795956313610077,"z":4.599162578582764},"rotation":{"x":-0.10141243040561676,"y":0.4840947985649109,"z":-0.05659855157136917,"w":-0.8672961592674255},"size":0.2856139540672302,"orthographic":true}