{"cameraMode":{"drawMode":0,"name":"Shaded","section":"Shading Mode"},"sceneLighting":false,"audioPlay":false,"sceneViewState":{"showFog":true,"showMaterialUpdate":false,"showSkybox":false,"showFlares":true,"showImageEffects":true,"showParticleSystems":true},"in2DMode":false,"pivot":{"x":-7.1888427734375,"y":-15.32763671875,"z":-15.337997436523438},"rotation":{"x":0.22197891771793366,"y":-0.6025848388671875,"z":0.1786360740661621,"w":0.7456027269363403},"size":2.859027862548828,"orthographic":true}