{"cameraMode":{"drawMode":0,"name":"Shaded","section":"Shading Mode"},"sceneLighting":false,"audioPlay":false,"sceneViewState":{"showFog":true,"showMaterialUpdate":false,"showSkybox":false,"showFlares":true,"showImageEffects":true,"showParticleSystems":true},"in2DMode":false,"pivot":{"x":5.960464477539063e-8,"y":0.08940869569778443,"z":-0.15004408359527589},"rotation":{"x":0.6514377593994141,"y":-0.006145937833935022,"z":0.005280148703604937,"w":0.7586674690246582},"size":2.4058079719543459,"orthographic":true}