{"cameraMode":{"drawMode":0,"name":"Shaded","section":"Shading Mode"},"sceneLighting":false,"audioPlay":false,"sceneViewState":{"showFog":true,"showMaterialUpdate":false,"showSkybox":false,"showFlares":true,"showImageEffects":true,"showParticleSystems":true},"in2DMode":false,"pivot":{"x":22.324066162109376,"y":-0.007920503616333008,"z":2.2999415397644045},"rotation":{"x":-0.08807651698589325,"y":0.5119324326515198,"z":-0.05285487696528435,"w":-0.8528885841369629},"size":4.137552261352539,"orthographic":true}