{"cameraMode":{"drawMode":0,"name":"Shaded","section":"Shading Mode"},"sceneLighting":false,"audioPlay":false,"sceneViewState":{"showFog":true,"showMaterialUpdate":false,"showSkybox":false,"showFlares":true,"showImageEffects":true,"showParticleSystems":true},"in2DMode":false,"pivot":{"x":25.550601959228517,"y":-0.02326124906539917,"z":4.529610633850098},"rotation":{"x":-0.04948603734374046,"y":0.18674856424331666,"z":-0.009434759616851807,"w":-0.9811349511146545},"size":1.6181910037994385,"orthographic":true}