{"cameraMode":{"drawMode":0,"name":"Shaded","section":"Shading Mode"},"sceneLighting":false,"audioPlay":false,"sceneViewState":{"showFog":true,"showMaterialUpdate":false,"showSkybox":false,"showFlares":true,"showImageEffects":true,"showParticleSystems":true},"in2DMode":false,"pivot":{"x":18.889881134033204,"y":0.059242844581604007,"z":4.599302291870117},"rotation":{"x":0.1067834123969078,"y":-0.5164744853973389,"z":0.06511630862951279,"w":0.847144365310669},"size":1.9837310314178467,"orthographic":true}