{"cameraMode":{"drawMode":0,"name":"Shaded","section":"Shading Mode"},"sceneLighting":false,"audioPlay":false,"sceneViewState":{"showFog":true,"showMaterialUpdate":false,"showSkybox":false,"showFlares":true,"showImageEffects":true,"showParticleSystems":true},"in2DMode":false,"pivot":{"x":74.62271881103516,"y":-48.79975891113281,"z":29.621004104614259},"rotation":{"x":0.08890250325202942,"y":0.650330662727356,"z":-0.07702217996120453,"w":0.7505124807357788},"size":1.823993444442749,"orthographic":true}