{"cameraMode":{"drawMode":0,"name":"Shaded","section":"Shading Mode"},"sceneLighting":false,"audioPlay":false,"sceneViewState":{"showFog":true,"showMaterialUpdate":false,"showSkybox":false,"showFlares":true,"showImageEffects":true,"showParticleSystems":true},"in2DMode":false,"pivot":{"x":2.936136484146118,"y":-12.995977401733399,"z":-43.628170013427737},"rotation":{"x":0.4432391822338104,"y":-0.42888039350509646,"z":0.2544774115085602,"w":0.7450081706047058},"size":2.769352674484253,"orthographic":true}