{"cameraMode":{"drawMode":0,"name":"Shaded","section":"Shading Mode"},"sceneLighting":true,"audioPlay":false,"sceneViewState":{"showFog":true,"showMaterialUpdate":false,"showSkybox":true,"showFlares":true,"showImageEffects":true,"showParticleSystems":true},"in2DMode":false,"pivot":{"x":-457.57037353515627,"y":298.08123779296877,"z":-275.0523986816406},"rotation":{"x":-0.17691342532634736,"y":0.08406145125627518,"z":-0.015123075805604458,"w":-0.9805443286895752},"size":135.2232666015625,"orthographic":true}