{"cameraMode":{"drawMode":0,"name":"Shaded","section":"Shading Mode"},"sceneLighting":false,"audioPlay":false,"sceneViewState":{"showFog":true,"showMaterialUpdate":false,"showSkybox":false,"showFlares":true,"showImageEffects":true,"showParticleSystems":true},"in2DMode":false,"pivot":{"x":154.2529754638672,"y":-0.010219156742095948,"z":0.0},"rotation":{"x":-0.17565347254276277,"y":0.2128380537033081,"z":-0.038933444768190387,"w":-0.9604026675224304},"size":0.8454722762107849,"orthographic":true}