{"cameraMode":{"drawMode":0,"name":"Shaded","section":"Shading Mode"},"sceneLighting":true,"audioPlay":false,"sceneViewState":{"showFog":true,"showMaterialUpdate":false,"showSkybox":true,"showFlares":true,"showImageEffects":true,"showParticleSystems":true},"in2DMode":false,"pivot":{"x":13.699999809265137,"y":28.2314453125,"z":-5.435472011566162},"rotation":{"x":0.1320825219154358,"y":-0.5444979667663574,"z":0.08731058984994888,"w":0.8236885070800781},"size":59.377559661865237,"orthographic":true}