{"cameraMode":{"drawMode":0,"name":"Shaded","section":"Shading Mode"},"sceneLighting":true,"audioPlay":false,"sceneViewState":{"showFog":true,"showMaterialUpdate":false,"showSkybox":true,"showFlares":true,"showImageEffects":true,"showParticleSystems":true},"in2DMode":false,"pivot":{"x":13.699999809265137,"y":28.2314453125,"z":-5.435472011566162},"rotation":{"x":0.03295768424868584,"y":-0.04706091061234474,"z":0.0015509930672124029,"w":0.9983572363853455},"size":72.5131607055664,"orthographic":true}