{"cameraMode":{"drawMode":0,"name":"Shaded","section":"Shading Mode"},"sceneLighting":false,"audioPlay":false,"sceneViewState":{"showFog":true,"showMaterialUpdate":false,"showSkybox":false,"showFlares":true,"showImageEffects":true,"showParticleSystems":true},"in2DMode":false,"pivot":{"x":-1.095395565032959,"y":27.87118148803711,"z":8.147309303283692},"rotation":{"x":0.12280121445655823,"y":-0.829520583152771,"z":0.2011539191007614,"w":0.5064274072647095},"size":0.03130378946661949,"orthographic":true}