{"cameraMode":{"drawMode":0,"name":"Shaded","section":"Shading Mode"},"sceneLighting":true,"audioPlay":false,"sceneViewState":{"showFog":true,"showMaterialUpdate":false,"showSkybox":true,"showFlares":true,"showImageEffects":true,"showParticleSystems":true},"in2DMode":false,"pivot":{"x":0.999267578125,"y":13.686279296875,"z":-0.5009765625},"rotation":{"x":0.2224293202161789,"y":-0.6362104415893555,"z":0.19889560341835023,"w":0.7114843130111694},"size":108.55409240722656,"orthographic":true}