{"cameraMode":{"drawMode":0,"name":"Shaded","section":"Shading Mode"},"sceneLighting":false,"audioPlay":false,"sceneViewState":{"showFog":true,"showMaterialUpdate":false,"showSkybox":false,"showFlares":true,"showImageEffects":true,"showParticleSystems":true},"in2DMode":false,"pivot":{"x":64.25297546386719,"y":-0.010219156742095948,"z":4.610495567321777},"rotation":{"x":-0.09152884036302567,"y":0.1257152557373047,"z":-0.011657293885946274,"w":-0.9877880215644836},"size":0.8509995937347412,"orthographic":true}