{"cameraMode":{"drawMode":0,"name":"Shaded","section":"Shading Mode"},"sceneLighting":false,"audioPlay":false,"sceneViewState":{"showFog":true,"showMaterialUpdate":false,"showSkybox":false,"showFlares":true,"showImageEffects":true,"showParticleSystems":true},"in2DMode":false,"pivot":{"x":14.84787368774414,"y":0.12143152952194214,"z":4.5992960929870609},"rotation":{"x":-0.06467851996421814,"y":0.3224324882030487,"z":-0.022087881341576577,"w":-0.9441426396369934},"size":0.8463854789733887,"orthographic":true}