{"cameraMode":{"drawMode":0,"name":"Shaded","section":"Shading Mode"},"sceneLighting":false,"audioPlay":false,"sceneViewState":{"showFog":true,"showMaterialUpdate":false,"showSkybox":false,"showFlares":true,"showImageEffects":true,"showParticleSystems":true},"in2DMode":false,"pivot":{"x":0.004870384931564331,"y":0.20783984661102296,"z":-0.46901488304138186},"rotation":{"x":-0.07173244655132294,"y":0.5740165710449219,"z":-0.05061210319399834,"w":-0.814175546169281},"size":1.7148042917251588,"orthographic":true}