{"cameraMode":{"drawMode":0,"name":"Shaded","section":"Shading Mode"},"sceneLighting":false,"audioPlay":false,"sceneViewState":{"showFog":true,"showMaterialUpdate":false,"showSkybox":false,"showFlares":true,"showImageEffects":true,"showParticleSystems":true},"in2DMode":false,"pivot":{"x":74.79789733886719,"y":-49.4931755065918,"z":29.699077606201173},"rotation":{"x":0.08388932794332504,"y":0.9127816557884216,"z":-0.23881278932094575,"w":0.3206184208393097},"size":0.022019121795892717,"orthographic":true}