{"cameraMode":{"drawMode":0,"name":"Shaded","section":"Shading Mode"},"sceneLighting":false,"audioPlay":false,"sceneViewState":{"showFog":true,"showMaterialUpdate":false,"showSkybox":false,"showFlares":true,"showImageEffects":true,"showParticleSystems":true},"in2DMode":false,"pivot":{"x":-10.009952545166016,"y":1.9118590354919434,"z":1.9532103538513184},"rotation":{"x":-0.03505261242389679,"y":0.8816254734992981,"z":-0.06622794270515442,"w":-0.466044157743454},"size":8.135407447814942,"orthographic":true}