{"cameraMode":{"drawMode":0,"name":"Shaded","section":"Shading Mode"},"sceneLighting":false,"audioPlay":false,"sceneViewState":{"showFog":true,"showMaterialUpdate":false,"showSkybox":false,"showFlares":true,"showImageEffects":true,"showParticleSystems":true},"in2DMode":false,"pivot":{"x":81.1019287109375,"y":-0.011167705059051514,"z":4.599187850952148},"rotation":{"x":-0.017145933583378793,"y":0.9819717407226563,"z":-0.11034222692251206,"w":-0.15263868868350984},"size":0.17584605515003205,"orthographic":true}