{"cameraMode":{"drawMode":0,"name":"Shaded","section":"Shading Mode"},"sceneLighting":false,"audioPlay":false,"sceneViewState":{"showFog":true,"showMaterialUpdate":false,"showSkybox":false,"showFlares":true,"showImageEffects":true,"showParticleSystems":true},"in2DMode":false,"pivot":{"x":0.9467681646347046,"y":0.00008213520050048828,"z":0.0010911822319030762},"rotation":{"x":-0.1086793765425682,"y":-0.009852474555373192,"z":0.0010703777661547065,"w":-0.9940468072891235},"size":1.9837315082550049,"orthographic":true}