{"cameraMode":{"drawMode":0,"name":"Shaded","section":"Shading Mode"},"sceneLighting":true,"audioPlay":false,"sceneViewState":{"showFog":true,"showMaterialUpdate":false,"showSkybox":true,"showFlares":true,"showImageEffects":true,"showParticleSystems":true},"in2DMode":false,"pivot":{"x":44.92929458618164,"y":34.21235275268555,"z":41.680110931396487},"rotation":{"x":-0.060086507350206378,"y":0.2667953073978424,"z":-0.01669190265238285,"w":-0.9617788791656494},"size":0.5144426226615906,"orthographic":true}