{"cameraMode":{"drawMode":0,"name":"Shaded","section":"Shading Mode"},"sceneLighting":true,"audioPlay":false,"sceneViewState":{"showFog":true,"showMaterialUpdate":false,"showSkybox":true,"showFlares":true,"showImageEffects":true,"showParticleSystems":true},"in2DMode":false,"pivot":{"x":-0.010000001639127732,"y":28.780324935913087,"z":6.758999824523926},"rotation":{"x":-0.25124603509902956,"y":-0.05601905286312103,"z":0.014554771594703198,"w":-0.9662103056907654},"size":0.3748956322669983,"orthographic":true}