{"cameraMode":{"drawMode":0,"name":"Shaded","section":"Shading Mode"},"sceneLighting":false,"audioPlay":false,"sceneViewState":{"showFog":true,"showMaterialUpdate":false,"showSkybox":false,"showFlares":true,"showImageEffects":true,"showParticleSystems":true},"in2DMode":false,"pivot":{"x":-0.21062755584716798,"y":-0.31753218173980715,"z":-0.09228909015655518},"rotation":{"x":0.1474352777004242,"y":0.7370762825012207,"z":-0.17055560648441316,"w":0.63712477684021},"size":2.2019412517547609,"orthographic":true}