{"cameraMode":{"drawMode":0,"name":"Shaded","section":"Shading Mode"},"sceneLighting":true,"audioPlay":false,"sceneViewState":{"showFog":true,"showMaterialUpdate":false,"showSkybox":true,"showFlares":true,"showImageEffects":true,"showParticleSystems":true},"in2DMode":false,"pivot":{"x":-16.30405616760254,"y":68.80005645751953,"z":-74.91609191894531},"rotation":{"x":0.0035899521317332985,"y":0.045914001762866977,"z":0.00032759038731455803,"w":-0.999017596244812},"size":172.97665405273438,"orthographic":true}