{"cameraMode":{"drawMode":0,"name":"Shaded","section":"Shading Mode"},"sceneLighting":false,"audioPlay":false,"sceneViewState":{"showFog":true,"showMaterialUpdate":false,"showSkybox":false,"showFlares":true,"showImageEffects":true,"showParticleSystems":true},"in2DMode":false,"pivot":{"x":-11.3822021484375,"y":-13.61669921875,"z":-52.086669921875},"rotation":{"x":0.4797549545764923,"y":0.06539098918437958,"z":-0.03652901574969292,"w":0.8743180632591248},"size":3.4135777950286867,"orthographic":true}