{"cameraMode":{"drawMode":0,"name":"Shaded","section":"Shading Mode"},"sceneLighting":true,"audioPlay":false,"sceneViewState":{"showFog":true,"showMaterialUpdate":false,"showSkybox":true,"showFlares":true,"showImageEffects":true,"showParticleSystems":true},"in2DMode":false,"pivot":{"x":54.6438102722168,"y":31.81207847595215,"z":47.069942474365237},"rotation":{"x":-0.1041451022028923,"y":0.03639005869626999,"z":-0.0038267497438937427,"w":-0.9939404129981995},"size":42.9659538269043,"orthographic":true}