{"cameraMode":{"drawMode":0,"name":"Shaded","section":"Shading Mode"},"sceneLighting":false,"audioPlay":false,"sceneViewState":{"showFog":true,"showMaterialUpdate":false,"showSkybox":false,"showFlares":true,"showImageEffects":true,"showParticleSystems":true},"in2DMode":false,"pivot":{"x":159.12307739257813,"y":-0.13775634765625,"z":11.5262451171875},"rotation":{"x":-0.25124603509902956,"y":-0.05601905286312103,"z":0.014554771594703198,"w":-0.9662103056907654},"size":159.54005432128907,"orthographic":true}