{"cameraMode":{"drawMode":0,"name":"Shaded","section":"Shading Mode"},"sceneLighting":false,"audioPlay":false,"sceneViewState":{"showFog":true,"showMaterialUpdate":false,"showSkybox":false,"showFlares":true,"showImageEffects":true,"showParticleSystems":true},"in2DMode":false,"pivot":{"x":11.100000381469727,"y":4.650000095367432,"z":0.059031009674072269},"rotation":{"x":-0.135282501578331,"y":0.7207987904548645,"z":-0.14683793485164643,"w":-0.6638252139091492},"size":3.0627694129943849,"orthographic":true}