{"cameraMode":{"drawMode":0,"name":"Shaded","section":"Shading Mode"},"sceneLighting":true,"audioPlay":false,"sceneViewState":{"showFog":true,"showMaterialUpdate":false,"showSkybox":true,"showFlares":true,"showImageEffects":true,"showParticleSystems":true},"in2DMode":false,"pivot":{"x":0.4278717041015625,"y":28.80859375,"z":6.730712890625},"rotation":{"x":0.5348647236824036,"y":0.03643412888050079,"z":-0.023661404848098756,"w":0.8439413905143738},"size":14.0493745803833,"orthographic":true}