{"cameraMode":{"drawMode":0,"name":"Shaded","section":"Shading Mode"},"sceneLighting":true,"audioPlay":false,"sceneViewState":{"showFog":true,"showMaterialUpdate":false,"showSkybox":true,"showFlares":true,"showImageEffects":true,"showParticleSystems":true},"in2DMode":false,"pivot":{"x":0.4278717041015625,"y":28.80859375,"z":6.730712890625},"rotation":{"x":0.004320676904171705,"y":-0.6651020050048828,"z":0.0032713571563363077,"w":0.7468706965446472},"size":22.680912017822267,"orthographic":true}