{"cameraMode":{"drawMode":0,"name":"Shaded","section":"Shading Mode"},"sceneLighting":false,"audioPlay":false,"sceneViewState":{"showFog":true,"showMaterialUpdate":false,"showSkybox":false,"showFlares":true,"showImageEffects":true,"showParticleSystems":true},"in2DMode":false,"pivot":{"x":22.324066162109376,"y":-0.007920503616333008,"z":2.2999415397644045},"rotation":{"x":-0.14158448576927186,"y":0.435381680727005,"z":-0.0695391520857811,"w":-0.886344313621521},"size":4.137552261352539,"orthographic":true}