{"cameraMode":{"drawMode":0,"name":"Shaded","section":"Shading Mode"},"sceneLighting":false,"audioPlay":false,"sceneViewState":{"showFog":true,"showMaterialUpdate":true,"showSkybox":true,"showFlares":true,"showImageEffects":true,"showParticleSystems":true},"in2DMode":false,"pivot":{"x":1.840087890625,"y":2.89501953125,"z":-0.78515625},"rotation":{"x":-0.2808157801628113,"y":-0.13138622045516969,"z":0.038766827434301379,"w":-0.9500138163566589},"size":24.031526565551759,"orthographic":true}