{"cameraMode":{"drawMode":0,"name":"Shaded","section":"Shading Mode"},"sceneLighting":false,"audioPlay":false,"sceneViewState":{"showFog":true,"showMaterialUpdate":true,"showSkybox":true,"showFlares":true,"showImageEffects":true,"showParticleSystems":true},"in2DMode":false,"pivot":{"x":52.44498825073242,"y":15.9517822265625,"z":213.45916748046876},"rotation":{"x":0.10331569612026215,"y":2.5177814677590506e-7,"z":3.8018984582777195e-7,"w":0.994650661945343},"size":283.1392822265625,"orthographic":false}