{"cameraMode":{"drawMode":0,"name":"Shaded","section":"Shading Mode"},"sceneLighting":false,"audioPlay":false,"sceneViewState":{"showFog":true,"showMaterialUpdate":false,"showSkybox":true,"showFlares":true,"showImageEffects":true,"showParticleSystems":true},"in2DMode":false,"pivot":{"x":-46.46993637084961,"y":-3.4132795333862306,"z":-29.511180877685548},"rotation":{"x":-0.04078391194343567,"y":0.8062652945518494,"z":-0.05597146227955818,"w":-0.5874882340431213},"size":16.702653884887697,"orthographic":false}