{"cameraMode":{"drawMode":0,"name":"Shaded","section":"Shading Mode"},"sceneLighting":false,"audioPlay":false,"sceneViewState":{"showFog":true,"showMaterialUpdate":true,"showSkybox":true,"showFlares":true,"showImageEffects":true,"showParticleSystems":true},"in2DMode":false,"pivot":{"x":5.996218204498291,"y":60.45360565185547,"z":-23.84421157836914},"rotation":{"x":0.07689888775348664,"y":-0.6390634775161743,"z":0.0644429549574852,"w":0.7625846266746521},"size":206.7345428466797,"orthographic":false}