{"cameraMode":{"drawMode":0,"name":"Shaded","section":"Shading Mode"},"sceneLighting":false,"audioPlay":false,"sceneViewState":{"showFog":true,"showMaterialUpdate":true,"showSkybox":true,"showFlares":true,"showImageEffects":true,"showParticleSystems":true},"in2DMode":false,"pivot":{"x":-219.75985717773438,"y":-246.4261474609375,"z":481.39630126953127},"rotation":{"x":0.16778483986854554,"y":-0.24271516501903535,"z":0.0426659882068634,"w":0.9545302987098694},"size":367.0479736328125,"orthographic":false}