{"cameraMode":{"drawMode":0,"name":"Shaded","section":"Shading Mode"},"sceneLighting":false,"audioPlay":false,"sceneViewState":{"showFog":true,"showMaterialUpdate":false,"showSkybox":false,"showFlares":true,"showImageEffects":true,"showParticleSystems":true},"in2DMode":false,"pivot":{"x":2.384185791015625e-7,"y":0.3576347827911377,"z":-0.6001763343811035},"rotation":{"x":-0.057724129408597949,"y":0.9183453321456909,"z":-0.14584405720233918,"w":-0.3633999526500702},"size":5.9408392906188969,"orthographic":true}