{"cameraMode":{"drawMode":0,"name":"Shaded","section":"Shading Mode"},"sceneLighting":true,"audioPlay":false,"sceneViewState":{"showFog":false,"showMaterialUpdate":false,"showSkybox":false,"showFlares":false,"showImageEffects":false,"showParticleSystems":false},"in2DMode":false,"pivot":{"x":-0.2642822265625,"y":54.216796875,"z":0.447357177734375},"rotation":{"x":0.40458980202674868,"y":0.5335248708724976,"z":-0.32266634702682497,"w":0.6690590381622315},"size":2.7935564517974855,"orthographic":true}