{"cameraMode":{"drawMode":0,"name":"Shaded","section":"Shading Mode"},"sceneLighting":false,"audioPlay":false,"sceneViewState":{"showFog":false,"showMaterialUpdate":false,"showSkybox":false,"showFlares":false,"showImageEffects":false,"showParticleSystems":false},"in2DMode":false,"pivot":{"x":-0.08905029296875,"y":0.0250244140625,"z":0.00086212158203125},"rotation":{"x":0.25174760818481448,"y":-0.6143624782562256,"z":0.2143215537071228,"w":0.7166612148284912},"size":0.14866627752780915,"orthographic":true}