{"cameraMode":{"drawMode":0,"name":"Shaded","section":"Shading Mode"},"sceneLighting":false,"audioPlay":false,"sceneViewState":{"showFog":true,"showMaterialUpdate":false,"showSkybox":true,"showFlares":true,"showImageEffects":true,"showParticleSystems":true},"in2DMode":false,"pivot":{"x":-28.643829345703126,"y":-27.61483383178711,"z":20.702646255493165},"rotation":{"x":0.05129917338490486,"y":0.2102273851633072,"z":-0.011056876741349697,"w":0.9762558341026306},"size":44.76841735839844,"orthographic":true}