{"cameraMode":{"drawMode":0,"name":"Shaded","section":"Shading Mode"},"sceneLighting":false,"audioPlay":false,"sceneViewState":{"showFog":true,"showMaterialUpdate":true,"showSkybox":true,"showFlares":true,"showImageEffects":true,"showParticleSystems":true},"in2DMode":false,"pivot":{"x":66.8195571899414,"y":-41.526710510253909,"z":-32.20686721801758},"rotation":{"x":0.027748655527830125,"y":-0.5779200792312622,"z":0.019466495141386987,"w":0.815487802028656},"size":66.3743667602539,"orthographic":true}