{"cameraMode":{"drawMode":0,"name":"Shaded","section":"Shading Mode"},"sceneLighting":false,"audioPlay":false,"sceneViewState":{"showFog":true,"showMaterialUpdate":false,"showSkybox":true,"showFlares":true,"showImageEffects":true,"showParticleSystems":true},"in2DMode":false,"pivot":{"x":26.153125762939454,"y":-168.23451232910157,"z":120.92434692382813},"rotation":{"x":-0.42877402901649477,"y":-0.09537434577941895,"z":0.04557856172323227,"w":-0.8972083330154419},"size":223.63162231445313,"orthographic":false}