{"cameraMode":{"drawMode":0,"name":"Shaded","section":"Shading Mode"},"sceneLighting":false,"audioPlay":false,"sceneViewState":{"showFog":true,"showMaterialUpdate":false,"showSkybox":true,"showFlares":true,"showImageEffects":true,"showParticleSystems":true},"in2DMode":false,"pivot":{"x":-43.219825744628909,"y":-12.125802040100098,"z":-22.97628402709961},"rotation":{"x":-0.09286554902791977,"y":0.8856035470962524,"z":-0.201583594083786,"w":-0.4079788625240326},"size":8.51739501953125,"orthographic":false}