{"cameraMode":{"drawMode":0,"name":"Shaded","section":"Shading Mode"},"sceneLighting":false,"audioPlay":false,"sceneViewState":{"showFog":true,"showMaterialUpdate":false,"showSkybox":true,"showFlares":true,"showImageEffects":true,"showParticleSystems":true},"in2DMode":false,"pivot":{"x":-15.044821739196778,"y":-30.76519775390625,"z":51.06100845336914},"rotation":{"x":0.02542024850845337,"y":-0.08028827607631684,"z":0.001995673170313239,"w":0.9964751601219177},"size":73.22306823730469,"orthographic":true}