{"cameraMode":{"drawMode":0,"name":"Shaded","section":"Shading Mode"},"sceneLighting":false,"audioPlay":false,"sceneViewState":{"showFog":false,"showMaterialUpdate":false,"showSkybox":false,"showFlares":false,"showImageEffects":false,"showParticleSystems":false},"in2DMode":false,"pivot":{"x":-0.0091552734375,"y":0.074462890625,"z":0.0655517578125},"rotation":{"x":-0.05403904244303703,"y":-0.931088924407959,"z":0.32474029064178469,"w":-0.15828537940979005},"size":0.1131703108549118,"orthographic":true}