{"cameraMode":{"drawMode":0,"name":"Shaded","section":"Shading Mode"},"sceneLighting":false,"audioPlay":false,"sceneViewState":{"showFog":true,"showMaterialUpdate":true,"showSkybox":true,"showFlares":true,"showImageEffects":true,"showParticleSystems":true},"in2DMode":false,"pivot":{"x":0.9185523986816406,"y":0.7703857421875,"z":5.1171875},"rotation":{"x":0.03838907182216644,"y":-0.004498113878071308,"z":0.00013809718075208366,"w":0.9993035793304443},"size":2.2970128059387209,"orthographic":true}