{"cameraMode":{"drawMode":0,"name":"Shaded","section":"Shading Mode"},"sceneLighting":false,"audioPlay":false,"sceneViewState":{"showFog":true,"showMaterialUpdate":true,"showSkybox":true,"showFlares":true,"showImageEffects":true,"showParticleSystems":true},"in2DMode":false,"pivot":{"x":1.611328125,"y":3.1904296875,"z":17.79290771484375},"rotation":{"x":-0.18584315478801728,"y":0.677330493927002,"z":-0.18321911990642548,"w":-0.6879939436912537},"size":13.20223617553711,"orthographic":true}