{"cameraMode":{"drawMode":0,"name":"Shaded","section":"Shading Mode"},"sceneLighting":false,"audioPlay":false,"sceneViewState":{"showFog":true,"showMaterialUpdate":true,"showSkybox":true,"showFlares":true,"showImageEffects":true,"showParticleSystems":true},"in2DMode":false,"pivot":{"x":70.93681335449219,"y":-61.6384162902832,"z":-8.114297866821289},"rotation":{"x":0.10646447539329529,"y":-0.6352099776268005,"z":0.0894680768251419,"w":0.7598937749862671},"size":58.51718521118164,"orthographic":true}