{"cameraMode":{"drawMode":0,"name":"Shaded","section":"Shading Mode"},"sceneLighting":false,"audioPlay":false,"sceneViewState":{"showFog":true,"showMaterialUpdate":true,"showSkybox":true,"showFlares":true,"showImageEffects":true,"showParticleSystems":true},"in2DMode":false,"pivot":{"x":-25.230239868164064,"y":48.661094665527347,"z":-35.217872619628909},"rotation":{"x":0.10809557884931565,"y":-0.5376508831977844,"z":0.06974431127309799,"w":0.8332971930503845},"size":124.2082290649414,"orthographic":false}