{"cameraMode":{"drawMode":0,"name":"Shaded","section":"Shading Mode"},"sceneLighting":false,"audioPlay":false,"sceneViewState":{"showFog":true,"showMaterialUpdate":true,"showSkybox":true,"showFlares":true,"showImageEffects":true,"showParticleSystems":true},"in2DMode":false,"pivot":{"x":-9.31294059753418,"y":50.91383361816406,"z":-4.316465377807617},"rotation":{"x":0.03143388032913208,"y":-0.8085253238677979,"z":0.04314039647579193,"w":0.5861480236053467},"size":27.595218658447267,"orthographic":true}