{"cameraMode":{"drawMode":0,"name":"Shaded","section":"Shading Mode"},"sceneLighting":true,"audioPlay":false,"sceneViewState":{"showFog":false,"showMaterialUpdate":false,"showSkybox":false,"showFlares":false,"showImageEffects":false,"showParticleSystems":false},"in2DMode":false,"pivot":{"x":3.168212890625,"y":43.60821533203125,"z":18.1083984375},"rotation":{"x":0.000046564102376578376,"y":-0.999931812286377,"z":0.003897534916177392,"w":0.01347663626074791},"size":4.649441242218018,"orthographic":true}