{"cameraMode":{"drawMode":0,"name":"Shaded","section":"Shading Mode"},"sceneLighting":false,"audioPlay":false,"sceneViewState":{"showFog":true,"showMaterialUpdate":true,"showSkybox":true,"showFlares":true,"showImageEffects":true,"showParticleSystems":true},"in2DMode":false,"pivot":{"x":0.7282801270484924,"y":-61.445072174072269,"z":22.285404205322267},"rotation":{"x":0.17929042875766755,"y":-0.5733097791671753,"z":0.1303119957447052,"w":0.7887923121452332},"size":163.97750854492188,"orthographic":false}