{"cameraMode":{"drawMode":0,"name":"Shaded","section":"Shading Mode"},"sceneLighting":false,"audioPlay":false,"sceneViewState":{"showFog":true,"showMaterialUpdate":true,"showSkybox":true,"showFlares":true,"showImageEffects":true,"showParticleSystems":true},"in2DMode":false,"pivot":{"x":-0.2596391439437866,"y":64.06689453125,"z":2.9142889976501467},"rotation":{"x":-0.07610039412975311,"y":-0.5946707725524902,"z":-0.05680859088897705,"w":0.7984142303466797},"size":10.414224624633789,"orthographic":true}