{"cameraMode":{"drawMode":0,"name":"Shaded","section":"Shading Mode"},"sceneLighting":false,"audioPlay":false,"sceneViewState":{"showFog":true,"showMaterialUpdate":false,"showSkybox":false,"showFlares":true,"showImageEffects":true,"showParticleSystems":true},"in2DMode":false,"pivot":{"x":-0.42114293575286868,"y":0.17149658501148225,"z":0.38795793056488039},"rotation":{"x":-0.09221934527158737,"y":0.7161701321601868,"z":-0.09640563279390335,"w":-0.6850589513778687},"size":1.7598075866699219,"orthographic":false}