{"cameraMode":{"drawMode":0,"name":"Shaded","section":"Shading Mode"},"sceneLighting":false,"audioPlay":false,"sceneViewState":{"showFog":true,"showMaterialUpdate":false,"showSkybox":false,"showFlares":true,"showImageEffects":true,"showParticleSystems":true},"in2DMode":false,"pivot":{"x":-10.979362487792969,"y":-4.623541355133057,"z":6.85729455947876},"rotation":{"x":-0.0671800822019577,"y":0.7222676277160645,"z":-0.0708746537566185,"w":-0.6846932768821716},"size":9.369821548461914,"orthographic":false}