{"cameraMode":{"drawMode":0,"name":"Shaded","section":"Shading Mode"},"sceneLighting":false,"audioPlay":false,"sceneViewState":{"showFog":true,"showMaterialUpdate":false,"showSkybox":false,"showFlares":true,"showImageEffects":true,"showParticleSystems":true},"in2DMode":false,"pivot":{"x":-8.368066787719727,"y":-18.704214096069337,"z":29.252883911132814},"rotation":{"x":-0.010154394432902336,"y":-0.7481670379638672,"z":0.011457043699920178,"w":-0.663364827632904},"size":0.6384574174880981,"orthographic":false}