{"cameraMode":{"drawMode":0,"name":"Shaded","section":"Shading Mode"},"sceneLighting":false,"audioPlay":false,"sceneViewState":{"showFog":true,"showMaterialUpdate":false,"showSkybox":false,"showFlares":true,"showImageEffects":true,"showParticleSystems":true},"in2DMode":false,"pivot":{"x":-20.86954689025879,"y":-25.11468505859375,"z":59.175472259521487},"rotation":{"x":-0.13693149387836457,"y":0.6679396033287048,"z":-0.12692801654338838,"w":-0.7204420566558838},"size":12.066096305847168,"orthographic":false}