{"cameraMode":{"drawMode":0,"name":"Shaded","section":"Shading Mode"},"sceneLighting":true,"audioPlay":false,"sceneViewState":{"showFog":true,"showMaterialUpdate":false,"showSkybox":true,"showFlares":true,"showImageEffects":true,"showParticleSystems":true},"in2DMode":false,"pivot":{"x":4.732820987701416,"y":-2.3773419857025148,"z":4.543898105621338},"rotation":{"x":-0.22697541117668153,"y":-0.44006532430648806,"z":0.11595477908849716,"w":-0.8610901236534119},"size":6.080999851226807,"orthographic":false}